id,email,hashed_password,full_name,role,is_active,is_verified,created_at,updated_at
cab0f77c-6a9c-4833-ab98-ff5e181a7e8c,diego.gonzalez7@ecodelivery.local,"$argon2id$v=19$m=65536,t=3,p=4$DUMMY_HASH_PARA_MIGRACION$dummy",Diego Gonzalez,cliente,True,True,2026-08-27 20:13:02+0000,2026-08-27 20:13:02+0000
8b9a8480-24e2-4d18-aa2c-dd9488b5a08f,carlos.perez63@ecodelivery.local,"$argon2id$v=19$m=65536,t=3,p=4$DUMMY_HASH_PARA_MIGRACION$dummy",Carlos Perez,cliente,True,True,2026-08-27 20:13:02+0000,2026-08-27 20:13:02+0000
0bf86823-cb4c-48f8-8917-ae330525c6d5,diego.gonzalez10@ecodelivery.local,"$argon2id$v=19$m=65536,t=3,p=4$DUMMY_HASH_PARA_MIGRACION$dummy",Diego Gonzalez,cliente,True,True,2026-08-27 20:13:02+0000,2026-08-27 20:13:02+0000
157a44e6-6bcc-45ef-b789-e6ee479dee83,sofia.rodriguez12@ecodelivery.local,"$argon2id$v=19$m=65536,t=3,p=4$DUMMY_HASH_PARA_MIGRACION$dummy",Sofia Rodriguez,cliente,True,True,2026-08-27 20:13:02+0000,2026-08-27 20:13:02+0000
d9b324e7-1d27-48a5-b73a-8850b01f1da7,valentina.rodriguez61@ecodelivery.local,"$argon2id$v=19$m=65536,t=3,p=4$DUMMY_HASH_PARA_MIGRACION$dummy",Valentina Rodriguez,cliente,True,True,2026-08-27 20:13:02+0000,2026-08-27 20:13:02+0000
bce090af-1112-4cbd-bbaa-873467f9a4fd,sofia.martinez52@ecodelivery.local,"$argon2id$v=19$m=65536,t=3,p=4$DUMMY_HASH_PARA_MIGRACION$dummy",Sofia Martinez,cliente,True,True,2026-08-27 20:13:02+0000,2026-08-27 20:13:02+0000
3f8d1bde-b423-4744-8ce5-b3e0ca57dbac,sofia.gomez56@ecodelivery.local,"$argon2id$v=19$m=65536,t=3,p=4$DUMMY_HASH_PARA_MIGRACION$dummy",Sofia Gomez,cliente,True,True,2026-08-27 20:13:02+0000,2026-08-27 20:13:02+0000
c0865051-d7c6-4a00-b5f5-c553e05e7b6f,marta.rodriguez15@ecodelivery.local,"$argon2id$v=19$m=65536,t=3,p=4$DUMMY_HASH_PARA_MIGRACION$dummy",Marta Rodriguez,cliente,True,True,2026-08-27 20:13:02+0000,2026-08-27 20:13:02+0000
cde4c37d-3d93-402d-8476-5ac08324b8fc,marta.gonzalez49@ecodelivery.local,"$argon2id$v=19$m=65536,t=3,p=4$DUMMY_HASH_PARA_MIGRACION$dummy",Marta Gonzalez,cliente,True,True,2026-08-27 20:13:02+0000,2026-08-27 20:13:02+0000
da8767ea-5f63-4a99-97c2-d4b473af120b,andres.gomez52@ecodelivery.local,"$argon2id$v=19$m=65536,t=3,p=4$DUMMY_HASH_PARA_MIGRACION$dummy",Andres Gomez,cliente,True,True,2026-08-27 20:13:02+0000,2026-08-27 20:13:02+0000
641ead09-0b8f-4038-8289-ef1f96225b9d,maria.lopez60@ecodelivery.local,"$argon2id$v=19$m=65536,t=3,p=4$DUMMY_HASH_PARA_MIGRACION$dummy",Maria Lopez,cliente,True,True,2026-08-27 20:13:02+0000,2026-08-27 20:13:02+0000
33d96349-be47-4ec3-a139-34ca61add917,pedro.perez3@ecodelivery.local,"$argon2id$v=19$m=65536,t=3,p=4$DUMMY_HASH_PARA_MIGRACION$dummy",Pedro Perez,cliente,True,True,2026-08-27 20:13:02+0000,2026-08-27 20:13:02+0000
64402c49-ecbf-46cc-87ae-13215db14f7d,valentina.gomez34@ecodelivery.local,"$argon2id$v=19$m=65536,t=3,p=4$DUMMY_HASH_PARA_MIGRACION$dummy",Valentina Gomez,cliente,True,True,2026-08-27 20:13:02+0000,2026-08-27 20:13:02+0000
a28985ff-49c5-4625-acee-adacb4e59154,juan.gonzalez24@ecodelivery.local,"$argon2id$v=19$m=65536,t=3,p=4$DUMMY_HASH_PARA_MIGRACION$dummy",Juan Gonzalez,cliente,True,True,2026-08-27 20:13:02+0000,2026-08-27 20:13:02+0000
a4be7243-5dfa-45d2-818a-54607daa3daa,ana.lopez20@ecodelivery.local,"$argon2id$v=19$m=65536,t=3,p=4$DUMMY_HASH_PARA_MIGRACION$dummy",Ana Lopez,cliente,True,True,2026-08-27 20:13:02+0000,2026-08-27 20:13:02+0000
06e97137-7dac-45fd-8c25-3d5ffc2931e2,valentina.martinez73@ecodelivery.local,"$argon2id$v=19$m=65536,t=3,p=4$DUMMY_HASH_PARA_MIGRACION$dummy",Valentina Martinez,cliente,True,True,2026-08-27 20:13:02+0000,2026-08-27 20:13:02+0000
1bb9fc1b-4864-44ef-a2b3-5ea92d0e0afa,laura.gonzalez66@ecodelivery.local,"$argon2id$v=19$m=65536,t=3,p=4$DUMMY_HASH_PARA_MIGRACION$dummy",Laura Gonzalez,cliente,True,True,2026-08-27 20:13:02+0000,2026-08-27 20:13:02+0000
c2117215-2808-47fd-8fc9-330bdba5c03a,laura.martinez68@ecodelivery.local,"$argon2id$v=19$m=65536,t=3,p=4$DUMMY_HASH_PARA_MIGRACION$dummy",Laura Martinez,cliente,True,True,2026-08-27 20:13:02+0000,2026-08-27 20:13:02+0000
07710594-2e0c-40d8-9ddb-2a4227d3d41a,pedro.gomez5@ecodelivery.local,"$argon2id$v=19$m=65536,t=3,p=4$DUMMY_HASH_PARA_MIGRACION$dummy",Pedro Gomez,cliente,True,True,2026-08-27 20:13:02+0000,2026-08-27 20:13:02+0000
c1c45866-47a2-47f7-b1e6-4dfecbbdda25,lucia.lopez16@ecodelivery.local,"$argon2id$v=19$m=65536,t=3,p=4$DUMMY_HASH_PARA_MIGRACION$dummy",Lucia Lopez,cliente,True,True,2026-08-27 20:13:02+0000,2026-08-27 20:13:02+0000
975f478d-4a1e-48cd-b2b3-f923d30b9251,laura.martinez23@ecodelivery.local,"$argon2id$v=19$m=65536,t=3,p=4$DUMMY_HASH_PARA_MIGRACION$dummy",Laura Martinez,cliente,True,True,2026-08-27 20:13:02+0000,2026-08-27 20:13:02+0000
219bd9f5-a5f7-46bb-88b4-e9133b083ff7,mateo.rodriguez11@ecodelivery.local,"$argon2id$v=19$m=65536,t=3,p=4$DUMMY_HASH_PARA_MIGRACION$dummy",Mateo Rodriguez,cliente,True,True,2026-08-27 20:13:02+0000,2026-08-27 20:13:02+0000
245581e8-7f2e-4595-bf4c-7d7b225aaca3,jorge.perez49@ecodelivery.local,"$argon2id$v=19$m=65536,t=3,p=4$DUMMY_HASH_PARA_MIGRACION$dummy",Jorge Perez,cliente,True,True,2026-08-27 20:13:02+0000,2026-08-27 20:13:02+0000
a1e55b58-2600-44cc-9743-bc7ffad4510a,juan.garcia71@ecodelivery.local,"$argon2id$v=19$m=65536,t=3,p=4$DUMMY_HASH_PARA_MIGRACION$dummy",Juan Garcia,cliente,True,True,2026-08-27 20:13:02+0000,2026-08-27 20:13:02+0000
34580dd8-9397-4dc9-bc4e-757392d1c5fb,lucia.gomez25@ecodelivery.local,"$argon2id$v=19$m=65536,t=3,p=4$DUMMY_HASH_PARA_MIGRACION$dummy",Lucia Gomez,cliente,True,True,2026-08-27 20:13:02+0000,2026-08-27 20:13:02+0000
e14bdbbd-1b66-47ce-a156-94fef926e48d,valentina.gomez36@ecodelivery.local,"$argon2id$v=19$m=65536,t=3,p=4$DUMMY_HASH_PARA_MIGRACION$dummy",Valentina Gomez,cliente,True,True,2026-08-27 20:13:02+0000,2026-08-27 20:13:02+0000
2f140e7e-0b9b-4cce-b801-9e5693a57e67,jorge.gonzalez27@ecodelivery.local,"$argon2id$v=19$m=65536,t=3,p=4$DUMMY_HASH_PARA_MIGRACION$dummy",Jorge Gonzalez,cliente,True,True,2026-08-27 20:13:02+0000,2026-08-27 20:13:02+0000
f48478ff-e816-452a-913c-41d06df567f2,ana.garcia41@ecodelivery.local,"$argon2id$v=19$m=65536,t=3,p=4$DUMMY_HASH_PARA_MIGRACION$dummy",Ana Garcia,cliente,True,True,2026-08-27 20:13:02+0000,2026-08-27 20:13:02+0000
d2f47d32-9cdf-43f5-b42e-78288a36515c,pedro.perez84@ecodelivery.local,"$argon2id$v=19$m=65536,t=3,p=4$DUMMY_HASH_PARA_MIGRACION$dummy",Pedro Perez,cliente,True,True,2026-08-27 20:13:02+0000,2026-08-27 20:13:02+0000
f00e2d66-a77b-4a5b-a16d-97ff62ba0fd3,juan.gomez82@ecodelivery.local,"$argon2id$v=19$m=65536,t=3,p=4$DUMMY_HASH_PARA_MIGRACION$dummy",Juan Gomez,cliente,True,True,2026-08-27 20:13:02+0000,2026-08-27 20:13:02+0000
7fcd166e-cba3-4232-91a1-41d51f495d35,lucia.martinez73@ecodelivery.local,"$argon2id$v=19$m=65536,t=3,p=4$DUMMY_HASH_PARA_MIGRACION$dummy",Lucia Martinez,cliente,True,True,2026-08-27 20:13:02+0000,2026-08-27 20:13:02+0000
214122ff-3ed0-4ee7-b22f-e1e1b8f04e7e,diego.rodriguez35@ecodelivery.local,"$argon2id$v=19$m=65536,t=3,p=4$DUMMY_HASH_PARA_MIGRACION$dummy",Diego Rodriguez,cliente,True,True,2026-08-27 20:13:02+0000,2026-08-27 20:13:02+0000
3846dadb-18c0-49fe-9be8-725b48a79373,sofia.garcia76@ecodelivery.local,"$argon2id$v=19$m=65536,t=3,p=4$DUMMY_HASH_PARA_MIGRACION$dummy",Sofia Garcia,cliente,True,True,2026-08-27 20:13:02+0000,2026-08-27 20:13:02+0000
85d139a7-7a45-49aa-9638-dcd1f5d1c539,valentina.gomez18@ecodelivery.local,"$argon2id$v=19$m=65536,t=3,p=4$DUMMY_HASH_PARA_MIGRACION$dummy",Valentina Gomez,cliente,True,True,2026-08-27 20:13:02+0000,2026-08-27 20:13:02+0000
0476ef54-6995-4f39-af70-f7f670e33789,valentina.martinez47@ecodelivery.local,"$argon2id$v=19$m=65536,t=3,p=4$DUMMY_HASH_PARA_MIGRACION$dummy",Valentina Martinez,cliente,True,True,2026-08-27 20:13:02+0000,2026-08-27 20:13:02+0000
6c7dcc33-6f64-4bae-a30c-600099b54f33,camila.martinez7@ecodelivery.local,"$argon2id$v=19$m=65536,t=3,p=4$DUMMY_HASH_PARA_MIGRACION$dummy",Camila Martinez,cliente,True,True,2026-08-27 20:13:02+0000,2026-08-27 20:13:02+0000
4bee1913-bb93-433f-b041-83b6d37cbba0,pedro.rodriguez19@ecodelivery.local,"$argon2id$v=19$m=65536,t=3,p=4$DUMMY_HASH_PARA_MIGRACION$dummy",Pedro Rodriguez,cliente,True,True,2026-08-27 20:13:02+0000,2026-08-27 20:13:02+0000
a5fc4169-f965-493f-a8db-e44edb1d21a7,luis.perez16@ecodelivery.local,"$argon2id$v=19$m=65536,t=3,p=4$DUMMY_HASH_PARA_MIGRACION$dummy",Luis Perez,cliente,True,True,2026-08-27 20:13:02+0000,2026-08-27 20:13:02+0000
2e431e06-4c17-49d0-97dd-2d1cd10b4a95,maria.gonzalez86@ecodelivery.local,"$argon2id$v=19$m=65536,t=3,p=4$DUMMY_HASH_PARA_MIGRACION$dummy",Maria Gonzalez,cliente,True,True,2026-08-27 20:13:02+0000,2026-08-27 20:13:02+0000
d6fde3c1-dc4b-4f8c-bad9-53234ff05ee2,diego.garcia85@ecodelivery.local,"$argon2id$v=19$m=65536,t=3,p=4$DUMMY_HASH_PARA_MIGRACION$dummy",Diego Garcia,cliente,True,True,2026-08-27 20:13:02+0000,2026-08-27 20:13:02+0000
30010484-56ff-42bf-8c2c-27a95de8dadb,luis.gonzalez70@ecodelivery.local,"$argon2id$v=19$m=65536,t=3,p=4$DUMMY_HASH_PARA_MIGRACION$dummy",Luis Gonzalez,cliente,True,True,2026-08-27 20:13:02+0000,2026-08-27 20:13:02+0000
a07da55a-88bb-45a6-9d6f-bfdacccc0991,marta.martinez39@ecodelivery.local,"$argon2id$v=19$m=65536,t=3,p=4$DUMMY_HASH_PARA_MIGRACION$dummy",Marta Martinez,cliente,True,True,2026-08-27 20:13:02+0000,2026-08-27 20:13:02+0000
6a3ea9aa-61e6-4a9b-bb8a-673c32bd53e3,sofia.gonzalez27@ecodelivery.local,"$argon2id$v=19$m=65536,t=3,p=4$DUMMY_HASH_PARA_MIGRACION$dummy",Sofia Gonzalez,cliente,True,True,2026-08-27 20:13:02+0000,2026-08-27 20:13:02+0000
9b929e05-3be7-47f5-8987-51f10d07938d,marta.lopez6@ecodelivery.local,"$argon2id$v=19$m=65536,t=3,p=4$DUMMY_HASH_PARA_MIGRACION$dummy",Marta Lopez,cliente,True,True,2026-08-27 20:13:02+0000,2026-08-27 20:13:02+0000
2db7afb4-3544-4567-8108-5861c213f9ed,juan.garcia44@ecodelivery.local,"$argon2id$v=19$m=65536,t=3,p=4$DUMMY_HASH_PARA_MIGRACION$dummy",Juan Garcia,cliente,True,True,2026-08-27 20:13:02+0000,2026-08-27 20:13:02+0000
2493b729-731e-4c01-a114-f6dfc717faa7,lucia.martinez7@ecodelivery.local,"$argon2id$v=19$m=65536,t=3,p=4$DUMMY_HASH_PARA_MIGRACION$dummy",Lucia Martinez,cliente,True,True,2026-08-27 20:13:02+0000,2026-08-27 20:13:02+0000
937fe017-e232-4857-842b-9c2982b4c987,sofia.gomez99@ecodelivery.local,"$argon2id$v=19$m=65536,t=3,p=4$DUMMY_HASH_PARA_MIGRACION$dummy",Sofia Gomez,cliente,True,True,2026-08-27 20:13:02+0000,2026-08-27 20:13:02+0000
575c8a28-ba91-49bb-a720-b2b5c45d5a33,maria.gomez53@ecodelivery.local,"$argon2id$v=19$m=65536,t=3,p=4$DUMMY_HASH_PARA_MIGRACION$dummy",Maria Gomez,cliente,True,True,2026-08-27 20:13:02+0000,2026-08-27 20:13:02+0000
f2dfaa5a-f205-4345-92ca-af0a6f5a2de7,marta.lopez79@ecodelivery.local,"$argon2id$v=19$m=65536,t=3,p=4$DUMMY_HASH_PARA_MIGRACION$dummy",Marta Lopez,cliente,True,True,2026-08-27 20:13:02+0000,2026-08-27 20:13:02+0000
56eef3c1-26f4-4db0-ae36-a001ada2aa7a,mateo.martinez82@ecodelivery.local,"$argon2id$v=19$m=65536,t=3,p=4$DUMMY_HASH_PARA_MIGRACION$dummy",Mateo Martinez,cliente,True,True,2026-08-27 20:13:02+0000,2026-08-27 20:13:02+0000
5cce9a92-b20a-48a7-b742-27d2cd0fa666,juan.martinez35@ecodelivery.local,"$argon2id$v=19$m=65536,t=3,p=4$DUMMY_HASH_PARA_MIGRACION$dummy",Juan Martinez,cliente,True,True,2026-08-27 20:13:02+0000,2026-08-27 20:13:02+0000
31e98e9a-24de-4294-8826-fc491e8529cc,pedro.garcia58@ecodelivery.local,"$argon2id$v=19$m=65536,t=3,p=4$DUMMY_HASH_PARA_MIGRACION$dummy",Pedro Garcia,cliente,True,True,2026-08-27 20:13:02+0000,2026-08-27 20:13:02+0000
34f9f1b5-bdd0-46e7-b81d-623e9fdf17d8,ana.rodriguez61@ecodelivery.local,"$argon2id$v=19$m=65536,t=3,p=4$DUMMY_HASH_PARA_MIGRACION$dummy",Ana Rodriguez,cliente,True,True,2026-08-27 20:13:02+0000,2026-08-27 20:13:02+0000
e45b976f-47d1-4c49-8f29-db5ab7739caa,ana.perez1@ecodelivery.local,"$argon2id$v=19$m=65536,t=3,p=4$DUMMY_HASH_PARA_MIGRACION$dummy",Ana Perez,cliente,True,True,2026-08-27 20:13:02+0000,2026-08-27 20:13:02+0000
7b93bed4-ad49-4ae0-b9c6-73325f042816,diego.rodriguez83@ecodelivery.local,"$argon2id$v=19$m=65536,t=3,p=4$DUMMY_HASH_PARA_MIGRACION$dummy",Diego Rodriguez,cliente,True,True,2026-08-27 20:13:02+0000,2026-08-27 20:13:02+0000
994850d2-c7f7-4ee7-8182-5507f4e2ad8d,carlos.martinez25@ecodelivery.local,"$argon2id$v=19$m=65536,t=3,p=4$DUMMY_HASH_PARA_MIGRACION$dummy",Carlos Martinez,cliente,True,True,2026-08-27 20:13:02+0000,2026-08-27 20:13:02+0000
e933ff4c-ee9c-4811-81b0-36ecf8c6f87a,luis.martinez76@ecodelivery.local,"$argon2id$v=19$m=65536,t=3,p=4$DUMMY_HASH_PARA_MIGRACION$dummy",Luis Martinez,cliente,True,True,2026-08-27 20:13:02+0000,2026-08-27 20:13:02+0000
4602c60c-7f6c-49b6-a894-2f964ce24e73,mateo.rodriguez5@ecodelivery.local,"$argon2id$v=19$m=65536,t=3,p=4$DUMMY_HASH_PARA_MIGRACION$dummy",Mateo Rodriguez,cliente,True,True,2026-08-27 20:13:02+0000,2026-08-27 20:13:02+0000
48bc34d2-7f99-4cca-8c08-2dc33d442d18,carlos.gomez76@ecodelivery.local,"$argon2id$v=19$m=65536,t=3,p=4$DUMMY_HASH_PARA_MIGRACION$dummy",Carlos Gomez,cliente,True,True,2026-08-27 20:13:02+0000,2026-08-27 20:13:02+0000
36b94275-0968-4c8b-ad19-64e364fe7b21,diego.garcia17@ecodelivery.local,"$argon2id$v=19$m=65536,t=3,p=4$DUMMY_HASH_PARA_MIGRACION$dummy",Diego Garcia,cliente,True,True,2026-08-27 20:13:02+0000,2026-08-27 20:13:02+0000
41127643-beb8-48b2-958e-79180a8bf64c,laura.gomez15@ecodelivery.local,"$argon2id$v=19$m=65536,t=3,p=4$DUMMY_HASH_PARA_MIGRACION$dummy",Laura Gomez,cliente,True,True,2026-08-27 20:13:02+0000,2026-08-27 20:13:02+0000
fde42dcc-b6cc-4f58-995d-e8c613f6c077,mateo.garcia74@ecodelivery.local,"$argon2id$v=19$m=65536,t=3,p=4$DUMMY_HASH_PARA_MIGRACION$dummy",Mateo Garcia,cliente,True,True,2026-08-27 20:13:02+0000,2026-08-27 20:13:02+0000
b08e0f7c-3078-41b9-8e89-00b4e8e31b8d,jorge.gonzalez97@ecodelivery.local,"$argon2id$v=19$m=65536,t=3,p=4$DUMMY_HASH_PARA_MIGRACION$dummy",Jorge Gonzalez,cliente,True,True,2026-08-27 20:13:02+0000,2026-08-27 20:13:02+0000
b2322744-c7c4-49f3-9caa-8df835be917b,juan.gomez37@ecodelivery.local,"$argon2id$v=19$m=65536,t=3,p=4$DUMMY_HASH_PARA_MIGRACION$dummy",Juan Gomez,cliente,True,True,2026-08-27 20:13:02+0000,2026-08-27 20:13:02+0000
67eb9b39-abd5-461d-a8a3-342c6d582d81,pedro.perez37@ecodelivery.local,"$argon2id$v=19$m=65536,t=3,p=4$DUMMY_HASH_PARA_MIGRACION$dummy",Pedro Perez,cliente,True,True,2026-08-27 20:13:02+0000,2026-08-27 20:13:02+0000
f742a46d-f918-41e0-be90-30f40dc4d68f,luis.martinez50@ecodelivery.local,"$argon2id$v=19$m=65536,t=3,p=4$DUMMY_HASH_PARA_MIGRACION$dummy",Luis Martinez,cliente,True,True,2026-08-27 20:13:02+0000,2026-08-27 20:13:02+0000
54233927-6db7-4079-8943-602740d70b79,laura.lopez91@ecodelivery.local,"$argon2id$v=19$m=65536,t=3,p=4$DUMMY_HASH_PARA_MIGRACION$dummy",Laura Lopez,cliente,True,True,2026-08-27 20:13:02+0000,2026-08-27 20:13:02+0000
501d52ea-dd62-4c6b-b43e-eb3cd5fa2d37,maria.rodriguez40@ecodelivery.local,"$argon2id$v=19$m=65536,t=3,p=4$DUMMY_HASH_PARA_MIGRACION$dummy",Maria Rodriguez,cliente,True,True,2026-08-27 20:13:02+0000,2026-08-27 20:13:02+0000
01137935-0af8-4f24-8ee9-07632cb39eee,sofia.gonzalez32@ecodelivery.local,"$argon2id$v=19$m=65536,t=3,p=4$DUMMY_HASH_PARA_MIGRACION$dummy",Sofia Gonzalez,cliente,True,True,2026-08-27 20:13:02+0000,2026-08-27 20:13:02+0000
8193543e-ba17-4ff3-9344-5f76c2184657,andres.rodriguez77@ecodelivery.local,"$argon2id$v=19$m=65536,t=3,p=4$DUMMY_HASH_PARA_MIGRACION$dummy",Andres Rodriguez,cliente,True,True,2026-08-27 20:13:02+0000,2026-08-27 20:13:02+0000
133e7b9f-2385-4705-9e99-3eb72a0f75cb,mateo.gonzalez63@ecodelivery.local,"$argon2id$v=19$m=65536,t=3,p=4$DUMMY_HASH_PARA_MIGRACION$dummy",Mateo Gonzalez,cliente,True,True,2026-08-27 20:13:02+0000,2026-08-27 20:13:02+0000
ceb11d92-eaf4-49dc-b011-4eaca397869c,jorge.lopez4@ecodelivery.local,"$argon2id$v=19$m=65536,t=3,p=4$DUMMY_HASH_PARA_MIGRACION$dummy",Jorge Lopez,cliente,True,True,2026-08-27 20:13:02+0000,2026-08-27 20:13:02+0000
5a53097d-77e6-43e0-970b-3e537f059cf8,diego.lopez5@ecodelivery.local,"$argon2id$v=19$m=65536,t=3,p=4$DUMMY_HASH_PARA_MIGRACION$dummy",Diego Lopez,cliente,True,True,2026-08-27 20:13:02+0000,2026-08-27 20:13:02+0000
85376b3d-bf0a-462c-9812-374620e92e59,jorge.garcia34@ecodelivery.local,"$argon2id$v=19$m=65536,t=3,p=4$DUMMY_HASH_PARA_MIGRACION$dummy",Jorge Garcia,cliente,True,True,2026-08-27 20:13:02+0000,2026-08-27 20:13:02+0000
90134b2f-22cb-42bb-8719-e7c7d7271e06,andres.rodriguez33@ecodelivery.local,"$argon2id$v=19$m=65536,t=3,p=4$DUMMY_HASH_PARA_MIGRACION$dummy",Andres Rodriguez,cliente,True,True,2026-08-27 20:13:02+0000,2026-08-27 20:13:02+0000
0604c774-2d96-40ec-b987-51c090ef688c,lucia.garcia34@ecodelivery.local,"$argon2id$v=19$m=65536,t=3,p=4$DUMMY_HASH_PARA_MIGRACION$dummy",Lucia Garcia,cliente,True,True,2026-08-27 20:13:02+0000,2026-08-27 20:13:02+0000
d71fd6be-c4b7-4470-ac26-7d00a9f047c9,mateo.martinez39@ecodelivery.local,"$argon2id$v=19$m=65536,t=3,p=4$DUMMY_HASH_PARA_MIGRACION$dummy",Mateo Martinez,cliente,True,True,2026-08-27 20:13:02+0000,2026-08-27 20:13:02+0000
936e2d19-1a08-4f47-80a6-3332265a04f3,luis.martinez3@ecodelivery.local,"$argon2id$v=19$m=65536,t=3,p=4$DUMMY_HASH_PARA_MIGRACION$dummy",Luis Martinez,cliente,True,True,2026-08-27 20:13:02+0000,2026-08-27 20:13:02+0000
28146250-cf6a-4026-b1f9-b6628c2d8c60,lucia.lopez6@ecodelivery.local,"$argon2id$v=19$m=65536,t=3,p=4$DUMMY_HASH_PARA_MIGRACION$dummy",Lucia Lopez,cliente,True,True,2026-08-27 20:13:02+0000,2026-08-27 20:13:02+0000
124884e3-8948-4e50-af07-f6c130335c60,maria.perez8@ecodelivery.local,"$argon2id$v=19$m=65536,t=3,p=4$DUMMY_HASH_PARA_MIGRACION$dummy",Maria Perez,cliente,True,True,2026-08-27 20:13:02+0000,2026-08-27 20:13:02+0000
3b9ed80e-3c01-457b-bd6e-f8878424b937,juan.gonzalez17@ecodelivery.local,"$argon2id$v=19$m=65536,t=3,p=4$DUMMY_HASH_PARA_MIGRACION$dummy",Juan Gonzalez,cliente,True,True,2026-08-27 20:13:02+0000,2026-08-27 20:13:02+0000
aecd818b-df62-4138-a5fd-5d3004aa264b,camila.lopez14@ecodelivery.local,"$argon2id$v=19$m=65536,t=3,p=4$DUMMY_HASH_PARA_MIGRACION$dummy",Camila Lopez,cliente,True,True,2026-08-27 20:13:02+0000,2026-08-27 20:13:02+0000
9b48ed18-2e2c-49c0-8caf-85c1d0fd941e,andres.martinez85@ecodelivery.local,"$argon2id$v=19$m=65536,t=3,p=4$DUMMY_HASH_PARA_MIGRACION$dummy",Andres Martinez,cliente,True,True,2026-08-27 20:13:02+0000,2026-08-27 20:13:02+0000
fd944984-53a0-49d4-9474-ceb6fa280378,marta.perez94@ecodelivery.local,"$argon2id$v=19$m=65536,t=3,p=4$DUMMY_HASH_PARA_MIGRACION$dummy",Marta Perez,cliente,True,True,2026-08-27 20:13:02+0000,2026-08-27 20:13:02+0000
02800f46-ceb6-4272-9dd5-2c07d23ca12a,jorge.lopez51@ecodelivery.local,"$argon2id$v=19$m=65536,t=3,p=4$DUMMY_HASH_PARA_MIGRACION$dummy",Jorge Lopez,cliente,True,True,2026-08-27 20:13:02+0000,2026-08-27 20:13:02+0000
a200fb08-fef7-4a11-b4af-a7fc9c26bc2e,luis.garcia85@ecodelivery.local,"$argon2id$v=19$m=65536,t=3,p=4$DUMMY_HASH_PARA_MIGRACION$dummy",Luis Garcia,cliente,True,True,2026-08-27 20:13:02+0000,2026-08-27 20:13:02+0000
66379f01-baf4-4625-af97-5671a7553d51,marta.rodriguez54@ecodelivery.local,"$argon2id$v=19$m=65536,t=3,p=4$DUMMY_HASH_PARA_MIGRACION$dummy",Marta Rodriguez,cliente,True,True,2026-08-27 20:13:02+0000,2026-08-27 20:13:02+0000
c5392279-bee4-46f6-9a0a-50b84b29381b,juan.garcia14@ecodelivery.local,"$argon2id$v=19$m=65536,t=3,p=4$DUMMY_HASH_PARA_MIGRACION$dummy",Juan Garcia,cliente,True,True,2026-08-27 20:13:02+0000,2026-08-27 20:13:02+0000
1183439d-4b22-4c45-9ada-cbc6d34960d7,mateo.perez59@ecodelivery.local,"$argon2id$v=19$m=65536,t=3,p=4$DUMMY_HASH_PARA_MIGRACION$dummy",Mateo Perez,cliente,True,True,2026-08-27 20:13:02+0000,2026-08-27 20:13:02+0000
05f438aa-91cf-4c97-b79d-dca22be98b69,marta.rodriguez47@ecodelivery.local,"$argon2id$v=19$m=65536,t=3,p=4$DUMMY_HASH_PARA_MIGRACION$dummy",Marta Rodriguez,cliente,True,True,2026-08-27 20:13:02+0000,2026-08-27 20:13:02+0000
51890d3e-a96b-4fa2-9f0e-7f00344b0997,sofia.lopez18@ecodelivery.local,"$argon2id$v=19$m=65536,t=3,p=4$DUMMY_HASH_PARA_MIGRACION$dummy",Sofia Lopez,cliente,True,True,2026-08-27 20:13:02+0000,2026-08-27 20:13:02+0000
532946ef-c978-4995-b94c-d3c989755106,ana.gonzalez13@ecodelivery.local,"$argon2id$v=19$m=65536,t=3,p=4$DUMMY_HASH_PARA_MIGRACION$dummy",Ana Gonzalez,cliente,True,True,2026-08-27 20:13:02+0000,2026-08-27 20:13:02+0000
bb4ee5cc-800a-45a7-9b16-65e6a83af29c,ana.garcia8@ecodelivery.local,"$argon2id$v=19$m=65536,t=3,p=4$DUMMY_HASH_PARA_MIGRACION$dummy",Ana Garcia,cliente,True,True,2026-08-27 20:13:02+0000,2026-08-27 20:13:02+0000
8c4b07f3-4be0-4550-a487-d5bfdfe98e97,marta.lopez45@ecodelivery.local,"$argon2id$v=19$m=65536,t=3,p=4$DUMMY_HASH_PARA_MIGRACION$dummy",Marta Lopez,cliente,True,True,2026-08-27 20:13:02+0000,2026-08-27 20:13:02+0000
64435586-3152-4620-8118-8c603a6994f4,laura.lopez10@ecodelivery.local,"$argon2id$v=19$m=65536,t=3,p=4$DUMMY_HASH_PARA_MIGRACION$dummy",Laura Lopez,cliente,True,True,2026-08-27 20:13:02+0000,2026-08-27 20:13:02+0000
d9f1576e-b837-45f6-9043-bc29a44d438c,andres.martinez54@ecodelivery.local,"$argon2id$v=19$m=65536,t=3,p=4$DUMMY_HASH_PARA_MIGRACION$dummy",Andres Martinez,cliente,True,True,2026-08-27 20:13:02+0000,2026-08-27 20:13:02+0000
b280052f-e245-4d75-adc7-534e8adc988d,juan.perez95@ecodelivery.local,"$argon2id$v=19$m=65536,t=3,p=4$DUMMY_HASH_PARA_MIGRACION$dummy",Juan Perez,cliente,True,True,2026-08-27 20:13:02+0000,2026-08-27 20:13:02+0000
31403c6d-6d71-4dae-a092-3e351f46b23d,juan.rodriguez33@ecodelivery.local,"$argon2id$v=19$m=65536,t=3,p=4$DUMMY_HASH_PARA_MIGRACION$dummy",Juan Rodriguez,cliente,True,True,2026-08-27 20:13:02+0000,2026-08-27 20:13:02+0000
13e0122f-67ce-494f-8347-6975e8c8f54e,luis.garcia93@ecodelivery.local,"$argon2id$v=19$m=65536,t=3,p=4$DUMMY_HASH_PARA_MIGRACION$dummy",Luis Garcia,cliente,True,True,2026-08-27 20:13:02+0000,2026-08-27 20:13:02+0000
c868f96d-ea66-42c6-ab2c-c8e836b35c37,sofia.garcia73@ecodelivery.local,"$argon2id$v=19$m=65536,t=3,p=4$DUMMY_HASH_PARA_MIGRACION$dummy",Sofia Garcia,cliente,True,True,2026-08-27 20:13:02+0000,2026-08-27 20:13:02+0000
3eaec931-6c40-439f-b3ae-a324b6ed84ac,carlos.rodriguez7@ecodelivery.local,"$argon2id$v=19$m=65536,t=3,p=4$DUMMY_HASH_PARA_MIGRACION$dummy",Carlos Rodriguez,cliente,True,True,2026-08-27 20:13:02+0000,2026-08-27 20:13:02+0000
e3d7ed4c-b628-4a8e-a070-6cb9dcb5d8d0,mateo.gomez78@ecodelivery.local,"$argon2id$v=19$m=65536,t=3,p=4$DUMMY_HASH_PARA_MIGRACION$dummy",Mateo Gomez,cliente,True,True,2026-08-27 20:13:02+0000,2026-08-27 20:13:02+0000
f5dd7f93-442b-4f9f-b4d8-50c8af7475e5,mateo.gonzalez40@ecodelivery.local,"$argon2id$v=19$m=65536,t=3,p=4$DUMMY_HASH_PARA_MIGRACION$dummy",Mateo Gonzalez,cliente,True,True,2026-08-27 20:13:02+0000,2026-08-27 20:13:02+0000
2bcc12cb-5d87-4176-a287-3a2aee9351e5,luis.rodriguez21@ecodelivery.local,"$argon2id$v=19$m=65536,t=3,p=4$DUMMY_HASH_PARA_MIGRACION$dummy",Luis Rodriguez,cliente,True,True,2026-08-27 20:13:02+0000,2026-08-27 20:13:02+0000
c6b06ff5-5bd5-4cf6-9ab7-14b19aae54c6,camila.gonzalez8@ecodelivery.local,"$argon2id$v=19$m=65536,t=3,p=4$DUMMY_HASH_PARA_MIGRACION$dummy",Camila Gonzalez,cliente,True,True,2026-08-27 20:13:02+0000,2026-08-27 20:13:02+0000
53e623f4-bf20-4228-82e3-ee34aa52cc05,diego.lopez10@ecodelivery.local,"$argon2id$v=19$m=65536,t=3,p=4$DUMMY_HASH_PARA_MIGRACION$dummy",Diego Lopez,cliente,True,True,2026-08-27 20:13:02+0000,2026-08-27 20:13:02+0000
a76b46d5-3d05-4c09-9857-29ce77b7ebf6,laura.martinez1@ecodelivery.local,"$argon2id$v=19$m=65536,t=3,p=4$DUMMY_HASH_PARA_MIGRACION$dummy",Laura Martinez,cliente,True,True,2026-08-27 20:13:02+0000,2026-08-27 20:13:02+0000
d75d2cf4-7250-4620-8774-e082750cafca,diego.gomez20@ecodelivery.local,"$argon2id$v=19$m=65536,t=3,p=4$DUMMY_HASH_PARA_MIGRACION$dummy",Diego Gomez,cliente,True,True,2026-08-27 20:13:02+0000,2026-08-27 20:13:02+0000
d93054ed-cd47-4d20-aed5-d5b5d35ef806,sofia.martinez21@ecodelivery.local,"$argon2id$v=19$m=65536,t=3,p=4$DUMMY_HASH_PARA_MIGRACION$dummy",Sofia Martinez,cliente,True,True,2026-08-27 20:13:02+0000,2026-08-27 20:13:02+0000
7f429b09-d2c9-4b17-84f6-4ef50370180a,sofia.martinez26@ecodelivery.local,"$argon2id$v=19$m=65536,t=3,p=4$DUMMY_HASH_PARA_MIGRACION$dummy",Sofia Martinez,cliente,True,True,2026-08-27 20:13:02+0000,2026-08-27 20:13:02+0000
651347e4-debe-4831-bdda-7ce4e7067076,laura.lopez75@ecodelivery.local,"$argon2id$v=19$m=65536,t=3,p=4$DUMMY_HASH_PARA_MIGRACION$dummy",Laura Lopez,cliente,True,True,2026-08-27 20:13:02+0000,2026-08-27 20:13:02+0000
ec199edf-cdc2-4925-8ff2-1f0f224fc41a,valentina.lopez90@ecodelivery.local,"$argon2id$v=19$m=65536,t=3,p=4$DUMMY_HASH_PARA_MIGRACION$dummy",Valentina Lopez,cliente,True,True,2026-08-27 20:13:02+0000,2026-08-27 20:13:02+0000
0cecba19-546d-45bc-a482-e679d7148b85,valentina.rodriguez74@ecodelivery.local,"$argon2id$v=19$m=65536,t=3,p=4$DUMMY_HASH_PARA_MIGRACION$dummy",Valentina Rodriguez,cliente,True,True,2026-08-27 20:13:02+0000,2026-08-27 20:13:02+0000
065ed21a-e960-49f7-928c-facf2bab622a,marta.perez67@ecodelivery.local,"$argon2id$v=19$m=65536,t=3,p=4$DUMMY_HASH_PARA_MIGRACION$dummy",Marta Perez,cliente,True,True,2026-08-27 20:13:02+0000,2026-08-27 20:13:02+0000
8d96d9c5-ae92-4815-b27b-066d5dd13ec9,laura.martinez19@ecodelivery.local,"$argon2id$v=19$m=65536,t=3,p=4$DUMMY_HASH_PARA_MIGRACION$dummy",Laura Martinez,cliente,True,True,2026-08-27 20:13:02+0000,2026-08-27 20:13:02+0000
8f0ac0bd-4c61-4d9c-8a0a-a6c0f2d7227c,andres.gomez68@ecodelivery.local,"$argon2id$v=19$m=65536,t=3,p=4$DUMMY_HASH_PARA_MIGRACION$dummy",Andres Gomez,cliente,True,True,2026-08-27 20:13:02+0000,2026-08-27 20:13:02+0000
c9baeee8-18c8-43a5-91a4-eb6a1108ec13,laura.perez28@ecodelivery.local,"$argon2id$v=19$m=65536,t=3,p=4$DUMMY_HASH_PARA_MIGRACION$dummy",Laura Perez,cliente,True,True,2026-08-27 20:13:02+0000,2026-08-27 20:13:02+0000
6332c5ab-6d19-41bf-87fa-7ee16a311a73,lucia.garcia27@ecodelivery.local,"$argon2id$v=19$m=65536,t=3,p=4$DUMMY_HASH_PARA_MIGRACION$dummy",Lucia Garcia,cliente,True,True,2026-08-27 20:13:02+0000,2026-08-27 20:13:02+0000
7d75a9ec-1aa7-433b-920a-65483447d468,pedro.gomez54@ecodelivery.local,"$argon2id$v=19$m=65536,t=3,p=4$DUMMY_HASH_PARA_MIGRACION$dummy",Pedro Gomez,cliente,True,True,2026-08-27 20:13:02+0000,2026-08-27 20:13:02+0000
fa03a4c0-a33c-47a6-aa10-616ec3e63346,maria.perez23@ecodelivery.local,"$argon2id$v=19$m=65536,t=3,p=4$DUMMY_HASH_PARA_MIGRACION$dummy",Maria Perez,cliente,True,True,2026-08-27 20:13:02+0000,2026-08-27 20:13:02+0000
48692700-055f-400c-8687-6573be0be73f,andres.gomez91@ecodelivery.local,"$argon2id$v=19$m=65536,t=3,p=4$DUMMY_HASH_PARA_MIGRACION$dummy",Andres Gomez,repartidor,True,True,2026-08-27 20:13:02+0000,2026-08-27 20:13:02+0000
683d79f9-8c30-41e0-8b8b-0050b7d22560,ana.martinez23@ecodelivery.local,"$argon2id$v=19$m=65536,t=3,p=4$DUMMY_HASH_PARA_MIGRACION$dummy",Ana Martinez,repartidor,True,True,2026-08-27 20:13:02+0000,2026-08-27 20:13:02+0000
65c0052d-e656-48ba-9f6c-ba710d8242eb,jorge.lopez1@ecodelivery.local,"$argon2id$v=19$m=65536,t=3,p=4$DUMMY_HASH_PARA_MIGRACION$dummy",Jorge Lopez,repartidor,True,True,2026-08-27 20:13:02+0000,2026-08-27 20:13:02+0000
3a4a49e1-666d-4fe0-be3c-6ffb0dd04f55,juan.gonzalez47@ecodelivery.local,"$argon2id$v=19$m=65536,t=3,p=4$DUMMY_HASH_PARA_MIGRACION$dummy",Juan Gonzalez,repartidor,True,True,2026-08-27 20:13:02+0000,2026-08-27 20:13:02+0000
652a1885-2699-4597-afd1-1379a48e1f75,mateo.martinez20@ecodelivery.local,"$argon2id$v=19$m=65536,t=3,p=4$DUMMY_HASH_PARA_MIGRACION$dummy",Mateo Martinez,repartidor,True,True,2026-08-27 20:13:02+0000,2026-08-27 20:13:02+0000
4a610ffa-babe-4263-9ee4-1ec7d61cdb29,diego.rodriguez2@ecodelivery.local,"$argon2id$v=19$m=65536,t=3,p=4$DUMMY_HASH_PARA_MIGRACION$dummy",Diego Rodriguez,repartidor,True,True,2026-08-27 20:13:02+0000,2026-08-27 20:13:02+0000
ae960795-51c3-43fe-8b0c-cd21d3738b27,lucia.lopez82@ecodelivery.local,"$argon2id$v=19$m=65536,t=3,p=4$DUMMY_HASH_PARA_MIGRACION$dummy",Lucia Lopez,repartidor,True,True,2026-08-27 20:13:02+0000,2026-08-27 20:13:02+0000
c7821b64-7aa0-48bf-8b4d-b4728048dd60,jorge.gonzalez42@ecodelivery.local,"$argon2id$v=19$m=65536,t=3,p=4$DUMMY_HASH_PARA_MIGRACION$dummy",Jorge Gonzalez,repartidor,True,True,2026-08-27 20:13:02+0000,2026-08-27 20:13:02+0000
7e7763b0-2145-4ea0-99f0-070486f95eff,andres.martinez57@ecodelivery.local,"$argon2id$v=19$m=65536,t=3,p=4$DUMMY_HASH_PARA_MIGRACION$dummy",Andres Martinez,repartidor,True,True,2026-08-27 20:13:02+0000,2026-08-27 20:13:02+0000
4fb4b86b-6657-418f-9af0-05576b82420b,maria.martinez82@ecodelivery.local,"$argon2id$v=19$m=65536,t=3,p=4$DUMMY_HASH_PARA_MIGRACION$dummy",Maria Martinez,repartidor,True,True,2026-08-27 20:13:02+0000,2026-08-27 20:13:02+0000
fc03515f-887a-46b7-a44a-8c0fcb0775be,lucia.gomez10@ecodelivery.local,"$argon2id$v=19$m=65536,t=3,p=4$DUMMY_HASH_PARA_MIGRACION$dummy",Lucia Gomez,repartidor,True,True,2026-08-27 20:13:02+0000,2026-08-27 20:13:02+0000
7814bc90-b0b8-47d7-afaf-af5aeb7abd42,valentina.garcia42@ecodelivery.local,"$argon2id$v=19$m=65536,t=3,p=4$DUMMY_HASH_PARA_MIGRACION$dummy",Valentina Garcia,repartidor,True,True,2026-08-27 20:13:02+0000,2026-08-27 20:13:02+0000
567b2569-6593-43a6-afb7-944d81edda57,juan.gomez60@ecodelivery.local,"$argon2id$v=19$m=65536,t=3,p=4$DUMMY_HASH_PARA_MIGRACION$dummy",Juan Gomez,repartidor,True,True,2026-08-27 20:13:02+0000,2026-08-27 20:13:02+0000
45b54b7a-158a-475b-b074-bc304ee06c5f,marta.rodriguez36@ecodelivery.local,"$argon2id$v=19$m=65536,t=3,p=4$DUMMY_HASH_PARA_MIGRACION$dummy",Marta Rodriguez,repartidor,True,True,2026-08-27 20:13:02+0000,2026-08-27 20:13:02+0000
c37ce403-bebf-4091-b511-62cf4048e8c2,luis.lopez69@ecodelivery.local,"$argon2id$v=19$m=65536,t=3,p=4$DUMMY_HASH_PARA_MIGRACION$dummy",Luis Lopez,repartidor,True,True,2026-08-27 20:13:02+0000,2026-08-27 20:13:02+0000
bb6f84b2-6b62-49d9-ac7c-390723a72a9b,luis.garcia66@ecodelivery.local,"$argon2id$v=19$m=65536,t=3,p=4$DUMMY_HASH_PARA_MIGRACION$dummy",Luis Garcia,repartidor,True,True,2026-08-27 20:13:02+0000,2026-08-27 20:13:02+0000
f8f6f0d9-c708-4217-bad3-d580bf28fd5f,marta.lopez75@ecodelivery.local,"$argon2id$v=19$m=65536,t=3,p=4$DUMMY_HASH_PARA_MIGRACION$dummy",Marta Lopez,repartidor,True,True,2026-08-27 20:13:02+0000,2026-08-27 20:13:02+0000
2ba6deb3-6f6f-4b15-86fc-06a32886e27a,luis.perez89@ecodelivery.local,"$argon2id$v=19$m=65536,t=3,p=4$DUMMY_HASH_PARA_MIGRACION$dummy",Luis Perez,repartidor,True,True,2026-08-27 20:13:02+0000,2026-08-27 20:13:02+0000
df1dce50-5616-4589-9d5f-16212ef42b85,luis.garcia54@ecodelivery.local,"$argon2id$v=19$m=65536,t=3,p=4$DUMMY_HASH_PARA_MIGRACION$dummy",Luis Garcia,repartidor,True,True,2026-08-27 20:13:02+0000,2026-08-27 20:13:02+0000
17e891b7-bc3c-457b-8c87-b29642b7ab70,marta.perez73@ecodelivery.local,"$argon2id$v=19$m=65536,t=3,p=4$DUMMY_HASH_PARA_MIGRACION$dummy",Marta Perez,repartidor,True,True,2026-08-27 20:13:02+0000,2026-08-27 20:13:02+0000
ddf43472-6d4b-4f43-8038-029005b65044,laura.gonzalez86@ecodelivery.local,"$argon2id$v=19$m=65536,t=3,p=4$DUMMY_HASH_PARA_MIGRACION$dummy",Laura Gonzalez,repartidor,True,True,2026-08-27 20:13:02+0000,2026-08-27 20:13:02+0000
c946470e-cab4-4e7a-bcca-849685696e98,andres.gomez4@ecodelivery.local,"$argon2id$v=19$m=65536,t=3,p=4$DUMMY_HASH_PARA_MIGRACION$dummy",Andres Gomez,repartidor,True,True,2026-08-27 20:13:02+0000,2026-08-27 20:13:02+0000
dd0aed03-899f-4d40-91a2-c94ffa9d7e52,valentina.lopez26@ecodelivery.local,"$argon2id$v=19$m=65536,t=3,p=4$DUMMY_HASH_PARA_MIGRACION$dummy",Valentina Lopez,repartidor,True,True,2026-08-27 20:13:02+0000,2026-08-27 20:13:02+0000
8dbe836f-3f88-4e02-a3e2-bf2a6a310110,diego.lopez22@ecodelivery.local,"$argon2id$v=19$m=65536,t=3,p=4$DUMMY_HASH_PARA_MIGRACION$dummy",Diego Lopez,repartidor,True,True,2026-08-27 20:13:02+0000,2026-08-27 20:13:02+0000
d3492baf-d484-402d-a53e-ed3ddd5838b9,jorge.gomez40@ecodelivery.local,"$argon2id$v=19$m=65536,t=3,p=4$DUMMY_HASH_PARA_MIGRACION$dummy",Jorge Gomez,repartidor,True,True,2026-08-27 20:13:02+0000,2026-08-27 20:13:02+0000
7bc55f10-dfa3-425e-be6d-9697b5a6edd0,laura.perez3@ecodelivery.local,"$argon2id$v=19$m=65536,t=3,p=4$DUMMY_HASH_PARA_MIGRACION$dummy",Laura Perez,repartidor,True,True,2026-08-27 20:13:02+0000,2026-08-27 20:13:02+0000
8caf803c-0a87-4a8a-88c8-b2e2476e1eeb,carlos.martinez5@ecodelivery.local,"$argon2id$v=19$m=65536,t=3,p=4$DUMMY_HASH_PARA_MIGRACION$dummy",Carlos Martinez,repartidor,True,True,2026-08-27 20:13:02+0000,2026-08-27 20:13:02+0000
eec9c1a6-fa0a-4ee3-bcf5-687cf4ffffd1,jorge.martinez75@ecodelivery.local,"$argon2id$v=19$m=65536,t=3,p=4$DUMMY_HASH_PARA_MIGRACION$dummy",Jorge Martinez,repartidor,True,True,2026-08-27 20:13:02+0000,2026-08-27 20:13:02+0000
4833d69a-eb17-4595-b943-0c1a439dce6a,ana.gonzalez44@ecodelivery.local,"$argon2id$v=19$m=65536,t=3,p=4$DUMMY_HASH_PARA_MIGRACION$dummy",Ana Gonzalez,repartidor,True,True,2026-08-27 20:13:02+0000,2026-08-27 20:13:02+0000
9852732d-4628-4e78-ba2e-16d78d91a915,andres.lopez49@ecodelivery.local,"$argon2id$v=19$m=65536,t=3,p=4$DUMMY_HASH_PARA_MIGRACION$dummy",Andres Lopez,repartidor,True,True,2026-08-27 20:13:02+0000,2026-08-27 20:13:02+0000
